Workbook

Sheet TKchung
B1: THỐNG KÊ NGUYỆN VỌNG XÉT TUYỂN NĂM 2025
F2: Thứ tự nguyện vọng
A3: TT | B3: Mã xét tuyển | C3: Tên mã xét tuyển | D3: Chỉ tiêu 2025 | E3: Tổng NV 1-5 | F3: 1 | G3: 2 | H3: 3 | I3: 4 | J3: 5 | K3: >5 | L3: Tổng tất cả NV
A4: 1 | B4: 7140114 | C4: Quản lý giáo dục | D4: 40 | E4: =SUM(F4:J4) -> 0 | F4: =COUNTIFS(Sheet1!$F$6:$F$54,TKchung!$B4,Sheet1!$C$6:$C$54,TKchung!F$3)+COUNTIFS(Sheet2!$F$6:$F$36,TKchung!$B4,Sheet2!$C$6:$C$36,TKchung!F$3) -> 0 | G4: =COUNTIFS(Sheet1!$F$6:$F$54,TKchung!$B4,Sheet1!$C$6:$C$54,TKchung!G$3)+COUNTIFS(Sheet2!$F$6:$F$36,TKchung!$B4,Sheet2!$C$6:$C$36,TKchung!G$3) -> 0 | H4: =COUNTIFS(Sheet1!$F$6:$F$54,TKchung!$B4,Sheet1!$C$6:$C$54,TKchung!H$3)+COUNTIFS(Sheet2!$F$6:$F$36,TKchung!$B4,Sheet2!$C$6:$C$36,TKchung!H$3) -> 0 | I4: =COUNTIFS(Sheet1!$F$6:$F$54,TKchung!$B4,Sheet1!$C$6:$C$54,TKchung!I$3)+COUNTIFS(Sheet2!$F$6:$F$36,TKchung!$B4,Sheet2!$C$6:$C$36,TKchung!I$3) -> 0 | J4: =COUNTIFS(Sheet1!$F$6:$F$54,TKchung!$B4,Sheet1!$C$6:$C$54,TKchung!J$3)+COUNTIFS(Sheet2!$F$6:$F$36,TKchung!$B4,Sheet2!$C$6:$C$36,TKchung!J$3) -> 0 | K4: =COUNTIFS(Sheet1!$F$6:$F$54,TKchung!$B4,Sheet1!$C$6:$C$54,TKchung!K$3)+COUNTIFS(Sheet2!$F$6:$F$36,TKchung!$B4,Sheet2!$C$6:$C$36,TKchung!K$3) -> 1 | L4: =SUM(F4:K4) -> 1
A5: 2 | B5: 7140201 | C5: Giáo dục Mầm non | D5: 200 | E5: =SUM(F5:J5) -> 0 | F5: =COUNTIFS(Sheet1!$F$6:$F$54,TKchung!$B5,Sheet1!$C$6:$C$54,TKchung!F$3)+COUNTIFS(Sheet2!$F$6:$F$36,TKchung!$B5,Sheet2!$C$6:$C$36,TKchung!F$3) -> 0 | G5: =COUNTIFS(Sheet1!$F$6:$F$54,TKchung!$B5,Sheet1!$C$6:$C$54,TKchung!G$3)+COUNTIFS(Sheet2!$F$6:$F$36,TKchung!$B5,Sheet2!$C$6:$C$36,TKchung!G$3) -> 0 | H5: =COUNTIFS(Sheet1!$F$6:$F$54,TKchung!$B5,Sheet1!$C$6:$C$54,TKchung!H$3)+COUNTIFS(Sheet2!$F$6:$F$36,TKchung!$B5,Sheet2!$C$6:$C$36,TKchung!H$3) -> 0 | I5: =COUNTIFS(Sheet1!$F$6:$F$54,TKchung!$B5,Sheet1!$C$6:$C$54,TKchung!I$3)+COUNTIFS(Sheet2!$F$6:$F$36,TKchung!$B5,Sheet2!$C$6:$C$36,TKchung!I$3) -> 0 | J5: =COUNTIFS(Sheet1!$F$6:$F$54,TKchung!$B5,Sheet1!$C$6:$C$54,TKchung!J$3)+COUNTIFS(Sheet2!$F$6:$F$36,TKchung!$B5,Sheet2!$C$6:$C$36,TKchung!J$3) -> 0 | K5: =COUNTIFS(Sheet1!$F$6:$F$54,TKchung!$B5,Sheet1!$C$6:$C$54,TKchung!K$3)+COUNTIFS(Sheet2!$F$6:$F$36,TKchung!$B5,Sheet2!$C$6:$C$36,TKchung!K$3) -> 0 | L5: =SUM(F5:K5) -> 0
A6: 3 | B6: 7140202 | C6: Giáo dục Tiểu học | D6: 200 | E6: =SUM(F6:J6) -> 4 | F6: =COUNTIFS(Sheet1!$F$6:$F$54,TKchung!$B6,Sheet1!$C$6:$C$54,TKchung!F$3)+COUNTIFS(Sheet2!$F$6:$F$36,TKchung!$B6,Sheet2!$C$6:$C$36,TKchung!F$3) -> 0 | G6: =COUNTIFS(Sheet1!$F$6:$F$54,TKchung!$B6,Sheet1!$C$6:$C$54,TKchung!G$3)+COUNTIFS(Sheet2!$F$6:$F$36,TKchung!$B6,Sheet2!$C$6:$C$36,TKchung!G$3) -> 3 | H6: =COUNTIFS(Sheet1!$F$6:$F$54,TKchung!$B6,Sheet1!$C$6:$C$54,TKchung!H$3)+COUNTIFS(Sheet2!$F$6:$F$36,TKchung!$B6,Sheet2!$C$6:$C$36,TKchung!H$3) -> 1 | I6: =COUNTIFS(Sheet1!$F$6:$F$54,TKchung!$B6,Sheet1!$C$6:$C$54,TKchung!I$3)+COUNTIFS(Sheet2!$F$6:$F$36,TKchung!$B6,Sheet2!$C$6:$C$36,TKchung!I$3) -> 0 | J6: =COUNTIFS(Sheet1!$F$6:$F$54,TKchung!$B6,Sheet1!$C$6:$C$54,TKchung!J$3)+COUNTIFS(Sheet2!$F$6:$F$36,TKchung!$B6,Sheet2!$C$6:$C$36,TKchung!J$3) -> 0 | K6: =COUNTIFS(Sheet1!$F$6:$F$54,TKchung!$B6,Sheet1!$C$6:$C$54,TKchung!K$3)+COUNTIFS(Sheet2!$F$6:$F$36,TKchung!$B6,Sheet2!$C$6:$C$36,TKchung!K$3) -> 1 | L6: =SUM(F6:K6) -> 5
A7: 4 | B7: 7140205 | C7: Giáo dục chính trị | D7: 10 | E7: =SUM(F7:J7) -> 0 | F7: =COUNTIFS(Sheet1!$F$6:$F$54,TKchung!$B7,Sheet1!$C$6:$C$54,TKchung!F$3)+COUNTIFS(Sheet2!$F$6:$F$36,TKchung!$B7,Sheet2!$C$6:$C$36,TKchung!F$3) -> 0 | G7: =COUNTIFS(Sheet1!$F$6:$F$54,TKchung!$B7,Sheet1!$C$6:$C$54,TKchung!G$3)+COUNTIFS(Sheet2!$F$6:$F$36,TKchung!$B7,Sheet2!$C$6:$C$36,TKchung!G$3) -> 0 | H7: =COUNTIFS(Sheet1!$F$6:$F$54,TKchung!$B7,Sheet1!$C$6:$C$54,TKchung!H$3)+COUNTIFS(Sheet2!$F$6:$F$36,TKchung!$B7,Sheet2!$C$6:$C$36,TKchung!H$3) -> 0 | I7: =COUNTIFS(Sheet1!$F$6:$F$54,TKchung!$B7,Sheet1!$C$6:$C$54,TKchung!I$3)+COUNTIFS(Sheet2!$F$6:$F$36,TKchung!$B7,Sheet2!$C$6:$C$36,TKchung!I$3) -> 0 | J7: =COUNTIFS(Sheet1!$F$6:$F$54,TKchung!$B7,Sheet1!$C$6:$C$54,TKchung!J$3)+COUNTIFS(Sheet2!$F$6:$F$36,TKchung!$B7,Sheet2!$C$6:$C$36,TKchung!J$3) -> 0 | K7: =COUNTIFS(Sheet1!$F$6:$F$54,TKchung!$B7,Sheet1!$C$6:$C$54,TKchung!K$3)+COUNTIFS(Sheet2!$F$6:$F$36,TKchung!$B7,Sheet2!$C$6:$C$36,TKchung!K$3) -> 1 | L7: =SUM(F7:K7) -> 1
A8: 5 | B8: 7140209 | C8: Sư phạm Toán học | D8: 40 | E8: =SUM(F8:J8) -> 2 | F8: =COUNTIFS(Sheet1!$F$6:$F$54,TKchung!$B8,Sheet1!$C$6:$C$54,TKchung!F$3)+COUNTIFS(Sheet2!$F$6:$F$36,TKchung!$B8,Sheet2!$C$6:$C$36,TKchung!F$3) -> 2 | G8: =COUNTIFS(Sheet1!$F$6:$F$54,TKchung!$B8,Sheet1!$C$6:$C$54,TKchung!G$3)+COUNTIFS(Sheet2!$F$6:$F$36,TKchung!$B8,Sheet2!$C$6:$C$36,TKchung!G$3) -> 0 | H8: =COUNTIFS(Sheet1!$F$6:$F$54,TKchung!$B8,Sheet1!$C$6:$C$54,TKchung!H$3)+COUNTIFS(Sheet2!$F$6:$F$36,TKchung!$B8,Sheet2!$C$6:$C$36,TKchung!H$3) -> 0 | I8: =COUNTIFS(Sheet1!$F$6:$F$54,TKchung!$B8,Sheet1!$C$6:$C$54,TKchung!I$3)+COUNTIFS(Sheet2!$F$6:$F$36,TKchung!$B8,Sheet2!$C$6:$C$36,TKchung!I$3) -> 0 | J8: =COUNTIFS(Sheet1!$F$6:$F$54,TKchung!$B8,Sheet1!$C$6:$C$54,TKchung!J$3)+COUNTIFS(Sheet2!$F$6:$F$36,TKchung!$B8,Sheet2!$C$6:$C$36,TKchung!J$3) -> 0 | K8: =COUNTIFS(Sheet1!$F$6:$F$54,TKchung!$B8,Sheet1!$C$6:$C$54,TKchung!K$3)+COUNTIFS(Sheet2!$F$6:$F$36,TKchung!$B8,Sheet2!$C$6:$C$36,TKchung!K$3) -> 1 | L8: =SUM(F8:K8) -> 3
A9: 6 | B9: 7140211 | C9: Sư phạm Vật lý | D9: 10 | E9: =SUM(F9:J9) -> 1 | F9: =COUNTIFS(Sheet1!$F$6:$F$54,TKchung!$B9,Sheet1!$C$6:$C$54,TKchung!F$3)+COUNTIFS(Sheet2!$F$6:$F$36,TKchung!$B9,Sheet2!$C$6:$C$36,TKchung!F$3) -> 0 | G9: =COUNTIFS(Sheet1!$F$6:$F$54,TKchung!$B9,Sheet1!$C$6:$C$54,TKchung!G$3)+COUNTIFS(Sheet2!$F$6:$F$36,TKchung!$B9,Sheet2!$C$6:$C$36,TKchung!G$3) -> 1 | H9: =COUNTIFS(Sheet1!$F$6:$F$54,TKchung!$B9,Sheet1!$C$6:$C$54,TKchung!H$3)+COUNTIFS(Sheet2!$F$6:$F$36,TKchung!$B9,Sheet2!$C$6:$C$36,TKchung!H$3) -> 0 | I9: =COUNTIFS(Sheet1!$F$6:$F$54,TKchung!$B9,Sheet1!$C$6:$C$54,TKchung!I$3)+COUNTIFS(Sheet2!$F$6:$F$36,TKchung!$B9,Sheet2!$C$6:$C$36,TKchung!I$3) -> 0 | J9: =COUNTIFS(Sheet1!$F$6:$F$54,TKchung!$B9,Sheet1!$C$6:$C$54,TKchung!J$3)+COUNTIFS(Sheet2!$F$6:$F$36,TKchung!$B9,Sheet2!$C$6:$C$36,TKchung!J$3) -> 0 | K9: =COUNTIFS(Sheet1!$F$6:$F$54,TKchung!$B9,Sheet1!$C$6:$C$54,TKchung!K$3)+COUNTIFS(Sheet2!$F$6:$F$36,TKchung!$B9,Sheet2!$C$6:$C$36,TKchung!K$3) -> 0 | L9: =SUM(F9:K9) -> 1
A10: 7 | B10: 7140212 | C10: Sư phạm Hoá học | D10: 10 | E10: =SUM(F10:J10) -> 2 | F10: =COUNTIFS(Sheet1!$F$6:$F$54,TKchung!$B10,Sheet1!$C$6:$C$54,TKchung!F$3)+COUNTIFS(Sheet2!$F$6:$F$36,TKchung!$B10,Sheet2!$C$6:$C$36,TKchung!F$3) -> 0 | G10: =COUNTIFS(Sheet1!$F$6:$F$54,TKchung!$B10,Sheet1!$C$6:$C$54,TKchung!G$3)+COUNTIFS(Sheet2!$F$6:$F$36,TKchung!$B10,Sheet2!$C$6:$C$36,TKchung!G$3) -> 2 | H10: =COUNTIFS(Sheet1!$F$6:$F$54,TKchung!$B10,Sheet1!$C$6:$C$54,TKchung!H$3)+COUNTIFS(Sheet2!$F$6:$F$36,TKchung!$B10,Sheet2!$C$6:$C$36,TKchung!H$3) -> 0 | I10: =COUNTIFS(Sheet1!$F$6:$F$54,TKchung!$B10,Sheet1!$C$6:$C$54,TKchung!I$3)+COUNTIFS(Sheet2!$F$6:$F$36,TKchung!$B10,Sheet2!$C$6:$C$36,TKchung!I$3) -> 0 | J10: =COUNTIFS(Sheet1!$F$6:$F$54,TKchung!$B10,Sheet1!$C$6:$C$54,TKchung!J$3)+COUNTIFS(Sheet2!$F$6:$F$36,TKchung!$B10,Sheet2!$C$6:$C$36,TKchung!J$3) -> 0 | K10: =COUNTIFS(Sheet1!$F$6:$F$54,TKchung!$B10,Sheet1!$C$6:$C$54,TKchung!K$3)+COUNTIFS(Sheet2!$F$6:$F$36,TKchung!$B10,Sheet2!$C$6:$C$36,TKchung!K$3) -> 0 | L10: =SUM(F10:K10) -> 2
A11: 8 | B11: 7140213 | C11: Sư phạm Sinh học | D11: 10 | E11: =SUM(F11:J11) -> 0 | F11: =COUNTIFS(Sheet1!$F$6:$F$54,TKchung!$B11,Sheet1!$C$6:$C$54,TKchung!F$3)+COUNTIFS(Sheet2!$F$6:$F$36,TKchung!$B11,Sheet2!$C$6:$C$36,TKchung!F$3) -> 0 | G11: =COUNTIFS(Sheet1!$F$6:$F$54,TKchung!$B11,Sheet1!$C$6:$C$54,TKchung!G$3)+COUNTIFS(Sheet2!$F$6:$F$36,TKchung!$B11,Sheet2!$C$6:$C$36,TKchung!G$3) -> 0 | H11: =COUNTIFS(Sheet1!$F$6:$F$54,TKchung!$B11,Sheet1!$C$6:$C$54,TKchung!H$3)+COUNTIFS(Sheet2!$F$6:$F$36,TKchung!$B11,Sheet2!$C$6:$C$36,TKchung!H$3) -> 0 | I11: =COUNTIFS(Sheet1!$F$6:$F$54,TKchung!$B11,Sheet1!$C$6:$C$54,TKchung!I$3)+COUNTIFS(Sheet2!$F$6:$F$36,TKchung!$B11,Sheet2!$C$6:$C$36,TKchung!I$3) -> 0 | J11: =COUNTIFS(Sheet1!$F$6:$F$54,TKchung!$B11,Sheet1!$C$6:$C$54,TKchung!J$3)+COUNTIFS(Sheet2!$F$6:$F$36,TKchung!$B11,Sheet2!$C$6:$C$36,TKchung!J$3) -> 0 | K11: =COUNTIFS(Sheet1!$F$6:$F$54,TKchung!$B11,Sheet1!$C$6:$C$54,TKchung!K$3)+COUNTIFS(Sheet2!$F$6:$F$36,TKchung!$B11,Sheet2!$C$6:$C$36,TKchung!K$3) -> 0 | L11: =SUM(F11:K11) -> 0
A12: 9 | B12: 7140217 | C12: Sư phạm Ngữ văn | D12: 50 | E12: =SUM(F12:J12) -> 1 | F12: =COUNTIFS(Sheet1!$F$6:$F$54,TKchung!$B12,Sheet1!$C$6:$C$54,TKchung!F$3)+COUNTIFS(Sheet2!$F$6:$F$36,TKchung!$B12,Sheet2!$C$6:$C$36,TKchung!F$3) -> 0 | G12: =COUNTIFS(Sheet1!$F$6:$F$54,TKchung!$B12,Sheet1!$C$6:$C$54,TKchung!G$3)+COUNTIFS(Sheet2!$F$6:$F$36,TKchung!$B12,Sheet2!$C$6:$C$36,TKchung!G$3) -> 0 | H12: =COUNTIFS(Sheet1!$F$6:$F$54,TKchung!$B12,Sheet1!$C$6:$C$54,TKchung!H$3)+COUNTIFS(Sheet2!$F$6:$F$36,TKchung!$B12,Sheet2!$C$6:$C$36,TKchung!H$3) -> 1 | I12: =COUNTIFS(Sheet1!$F$6:$F$54,TKchung!$B12,Sheet1!$C$6:$C$54,TKchung!I$3)+COUNTIFS(Sheet2!$F$6:$F$36,TKchung!$B12,Sheet2!$C$6:$C$36,TKchung!I$3) -> 0 | J12: =COUNTIFS(Sheet1!$F$6:$F$54,TKchung!$B12,Sheet1!$C$6:$C$54,TKchung!J$3)+COUNTIFS(Sheet2!$F$6:$F$36,TKchung!$B12,Sheet2!$C$6:$C$36,TKchung!J$3) -> 0 | K12: =COUNTIFS(Sheet1!$F$6:$F$54,TKchung!$B12,Sheet1!$C$6:$C$54,TKchung!K$3)+COUNTIFS(Sheet2!$F$6:$F$36,TKchung!$B12,Sheet2!$C$6:$C$36,TKchung!K$3) -> 0 | L12: =SUM(F12:K12) -> 1
A13: 10 | B13: 7140218 | C13: Sư phạm Lịch sử | D13: 10 | E13: =SUM(F13:J13) -> 2 | F13: =COUNTIFS(Sheet1!$F$6:$F$54,TKchung!$B13,Sheet1!$C$6:$C$54,TKchung!F$3)+COUNTIFS(Sheet2!$F$6:$F$36,TKchung!$B13,Sheet2!$C$6:$C$36,TKchung!F$3) -> 0 | G13: =COUNTIFS(Sheet1!$F$6:$F$54,TKchung!$B13,Sheet1!$C$6:$C$54,TKchung!G$3)+COUNTIFS(Sheet2!$F$6:$F$36,TKchung!$B13,Sheet2!$C$6:$C$36,TKchung!G$3) -> 0 | H13: =COUNTIFS(Sheet1!$F$6:$F$54,TKchung!$B13,Sheet1!$C$6:$C$54,TKchung!H$3)+COUNTIFS(Sheet2!$F$6:$F$36,TKchung!$B13,Sheet2!$C$6:$C$36,TKchung!H$3) -> 2 | I13: =COUNTIFS(Sheet1!$F$6:$F$54,TKchung!$B13,Sheet1!$C$6:$C$54,TKchung!I$3)+COUNTIFS(Sheet2!$F$6:$F$36,TKchung!$B13,Sheet2!$C$6:$C$36,TKchung!I$3) -> 0 | J13: =COUNTIFS(Sheet1!$F$6:$F$54,TKchung!$B13,Sheet1!$C$6:$C$54,TKchung!J$3)+COUNTIFS(Sheet2!$F$6:$F$36,TKchung!$B13,Sheet2!$C$6:$C$36,TKchung!J$3) -> 0 | K13: =COUNTIFS(Sheet1!$F$6:$F$54,TKchung!$B13,Sheet1!$C$6:$C$54,TKchung!K$3)+COUNTIFS(Sheet2!$F$6:$F$36,TKchung!$B13,Sheet2!$C$6:$C$36,TKchung!K$3) -> 2 | L13: =SUM(F13:K13) -> 4
A14: 11 | B14: 7140219 | C14: Sư phạm Địa lý | D14: 10 | E14: =SUM(F14:J14) -> 4 | F14: =COUNTIFS(Sheet1!$F$6:$F$54,TKchung!$B14,Sheet1!$C$6:$C$54,TKchung!F$3)+COUNTIFS(Sheet2!$F$6:$F$36,TKchung!$B14,Sheet2!$C$6:$C$36,TKchung!F$3) -> 0 | G14: =COUNTIFS(Sheet1!$F$6:$F$54,TKchung!$B14,Sheet1!$C$6:$C$54,TKchung!G$3)+COUNTIFS(Sheet2!$F$6:$F$36,TKchung!$B14,Sheet2!$C$6:$C$36,TKchung!G$3) -> 1 | H14: =COUNTIFS(Sheet1!$F$6:$F$54,TKchung!$B14,Sheet1!$C$6:$C$54,TKchung!H$3)+COUNTIFS(Sheet2!$F$6:$F$36,TKchung!$B14,Sheet2!$C$6:$C$36,TKchung!H$3) -> 1 | I14: =COUNTIFS(Sheet1!$F$6:$F$54,TKchung!$B14,Sheet1!$C$6:$C$54,TKchung!I$3)+COUNTIFS(Sheet2!$F$6:$F$36,TKchung!$B14,Sheet2!$C$6:$C$36,TKchung!I$3) -> 2 | J14: =COUNTIFS(Sheet1!$F$6:$F$54,TKchung!$B14,Sheet1!$C$6:$C$54,TKchung!J$3)+COUNTIFS(Sheet2!$F$6:$F$36,TKchung!$B14,Sheet2!$C$6:$C$36,TKchung!J$3) -> 0 | K14: =COUNTIFS(Sheet1!$F$6:$F$54,TKchung!$B14,Sheet1!$C$6:$C$54,TKchung!K$3)+COUNTIFS(Sheet2!$F$6:$F$36,TKchung!$B14,Sheet2!$C$6:$C$36,TKchung!K$3) -> 1 | L14: =SUM(F14:K14) -> 5
A15: 12 | B15: 7140221 | C15: Sư phạm Âm nhạc | D15: 75 | E15: =SUM(F15:J15) -> 0 | F15: =COUNTIFS(Sheet1!$F$6:$F$54,TKchung!$B15,Sheet1!$C$6:$C$54,TKchung!F$3)+COUNTIFS(Sheet2!$F$6:$F$36,TKchung!$B15,Sheet2!$C$6:$C$36,TKchung!F$3) -> 0 | G15: =COUNTIFS(Sheet1!$F$6:$F$54,TKchung!$B15,Sheet1!$C$6:$C$54,TKchung!G$3)+COUNTIFS(Sheet2!$F$6:$F$36,TKchung!$B15,Sheet2!$C$6:$C$36,TKchung!G$3) -> 0 | H15: =COUNTIFS(Sheet1!$F$6:$F$54,TKchung!$B15,Sheet1!$C$6:$C$54,TKchung!H$3)+COUNTIFS(Sheet2!$F$6:$F$36,TKchung!$B15,Sheet2!$C$6:$C$36,TKchung!H$3) -> 0 | I15: =COUNTIFS(Sheet1!$F$6:$F$54,TKchung!$B15,Sheet1!$C$6:$C$54,TKchung!I$3)+COUNTIFS(Sheet2!$F$6:$F$36,TKchung!$B15,Sheet2!$C$6:$C$36,TKchung!I$3) -> 0 | J15: =COUNTIFS(Sheet1!$F$6:$F$54,TKchung!$B15,Sheet1!$C$6:$C$54,TKchung!J$3)+COUNTIFS(Sheet2!$F$6:$F$36,TKchung!$B15,Sheet2!$C$6:$C$36,TKchung!J$3) -> 0 | K15: =COUNTIFS(Sheet1!$F$6:$F$54,TKchung!$B15,Sheet1!$C$6:$C$54,TKchung!K$3)+COUNTIFS(Sheet2!$F$6:$F$36,TKchung!$B15,Sheet2!$C$6:$C$36,TKchung!K$3) -> 0 | L15: =SUM(F15:K15) -> 0
... A30: 27 | B30: 7340120 | C30: Kinh doanh quốc tế | D30: 200 | E30: =SUM(F30:J30) -> 1 | F30: =COUNTIFS(Sheet1!$F$6:$F$54,TKchung!$B30,Sheet1!$C$6:$C$54,TKchung!F$3)+COUNTIFS(Sheet2!$F$6:$F$36,TKchung!$B30,Sheet2!$C$6:$C$36,TKchung!F$3) -> 0 | G30: =COUNTIFS(Sheet1!$F$6:$F$54,TKchung!$B30,Sheet1!$C$6:$C$54,TKchung!G$3)+COUNTIFS(Sheet2!$F$6:$F$36,TKchung!$B30,Sheet2!$C$6:$C$36,TKchung!G$3) -> 0 | H30: =COUNTIFS(Sheet1!$F$6:$F$54,TKchung!$B30,Sheet1!$C$6:$C$54,TKchung!H$3)+COUNTIFS(Sheet2!$F$6:$F$36,TKchung!$B30,Sheet2!$C$6:$C$36,TKchung!H$3) -> 0 | I30: =COUNTIFS(Sheet1!$F$6:$F$54,TKchung!$B30,Sheet1!$C$6:$C$54,TKchung!I$3)+COUNTIFS(Sheet2!$F$6:$F$36,TKchung!$B30,Sheet2!$C$6:$C$36,TKchung!I$3) -> 1 | J30: =COUNTIFS(Sheet1!$F$6:$F$54,TKchung!$B30,Sheet1!$C$6:$C$54,TKchung!J$3)+COUNTIFS(Sheet2!$F$6:$F$36,TKchung!$B30,Sheet2!$C$6:$C$36,TKchung!J$3) -> 0 | K30: =COUNTIFS(Sheet1!$F$6:$F$54,TKchung!$B30,Sheet1!$C$6:$C$54,TKchung!K$3)+COUNTIFS(Sheet2!$F$6:$F$36,TKchung!$B30,Sheet2!$C$6:$C$36,TKchung!K$3) -> 3 | L30: =SUM(F30:K30) -> 4

Sheet Sheet1
A1: SGD - TRƯỜNG ĐẠI HỌC SÀI GÒN
A3: DANH SÁCH NGUYỆN VỌNG THÍ SINH
A5: STT | B5: CCCD | C5: Thứ tự NV | D5: Mã trường | E5: Tên trường | F5: Mã xét tuyển | G5: Tên mã xét tuyển | H5: Nguyện vọng tuyển thẳng(điều 8)
A6: 1 | B6: TS_33417 | C6: 3 | D6: SGD | E6: TRƯỜNG ĐẠI HỌC SÀI GÒN | F6: 7140217 | G6: Sư phạm Ngữ văn
A7: 2 | B7: TS_28017 | C7: 1 | D7: SGD | E7: TRƯỜNG ĐẠI HỌC SÀI GÒN | F7: 7140222 | G7: Sư phạm Mỹ thuật
A8: 3 | B8: TS_2798 | C8: 1 | D8: SGD | E8: TRƯỜNG ĐẠI HỌC SÀI GÒN | F8: 7220201 | G8: Ngôn ngữ Anh
A9: 4 | B9: TS_2798 | C9: 2 | D9: SGD | E9: TRƯỜNG ĐẠI HỌC SÀI GÒN | F9: 7220201CLC | G9: Ngôn ngữ Anh (Chương trình đào tạo chất lượng cao)
A10: 5 | B10: TS_2798 | C10: 5 | D10: SGD | E10: TRƯỜNG ĐẠI HỌC SÀI GÒN | F10: 7340101 | G10: Quản trị kinh doanh
A11: 6 | B11: TS_2798 | C11: 6 | D11: SGD | E11: TRƯỜNG ĐẠI HỌC SÀI GÒN | F11: 7480107 | G11: Trí tuệ nhân tạo
A12: 7 | B12: TS_2798 | C12: 7 | D12: SGD | E12: TRƯỜNG ĐẠI HỌC SÀI GÒN | F12: 7340120 | G12: Kinh doanh quốc tế
A13: 8 | B13: TS_2798 | C13: 8 | D13: SGD | E13: TRƯỜNG ĐẠI HỌC SÀI GÒN | F13: 7340302 | G13: Kiểm toán
A14: 9 | B14: TS_2798 | C14: 9 | D14: SGD | E14: TRƯỜNG ĐẠI HỌC SÀI GÒN | F14: 7340301 | G14: Kế toán
A15: 10 | B15: TS_6945 | C15: 3 | D15: SGD | E15: TRƯỜNG ĐẠI HỌC SÀI GÒN | F15: 7140219 | G15: Sư phạm Địa lý
A16: 11 | B16: TS_6945 | C16: 4 | D16: SGD | E16: TRƯỜNG ĐẠI HỌC SÀI GÒN | F16: 7140249 | G16: Sư phạm Lịch sử - Địa lý
A17: 12 | B17: TS_6945 | C17: 22 | D17: SGD | E17: TRƯỜNG ĐẠI HỌC SÀI GÒN | F17: 7310501 | G17: Địa lý học
... A54: 49 | B54: TS_26091 | C54: 9 | D54: SGD | E54: TRƯỜNG ĐẠI HỌC SÀI GÒN | F54: 7140218 | G54: Sư phạm Lịch sử

Sheet Sheet2
A3: DANH SÁCH NGUYỆN VỌNG THÍ SINH
A5: STT | B5: CCCD | C5: Thứ tự NV | D5: Mã trường | E5: Tên trường | F5: Mã xét tuyển | G5: Tên mã xét tuyển | H5: Nguyện vọng tuyển thẳng(điều 8)
A6: 1 | B6: TS_38683 | C6: 2 | D6: SGD | E6: TRƯỜNG ĐẠI HỌC SÀI GÒN | F6: 7140202 | G6: Giáo dục Tiểu học
A7: 2 | B7: TS_28347 | C7: 2 | D7: SGD | E7: TRƯỜNG ĐẠI HỌC SÀI GÒN | F7: 7140249 | G7: Sư phạm Lịch sử - Địa lý
A8: 3 | B8: TS_38060 | C8: 5 | D8: SGD | E8: TRƯỜNG ĐẠI HỌC SÀI GÒN | F8: 7140249 | G8: Sư phạm Lịch sử - Địa lý
A9: 4 | B9: TS_38060 | C9: 6 | D9: SGD | E9: TRƯỜNG ĐẠI HỌC SÀI GÒN | F9: 7229010 | G9: Lịch sử
A10: 5 | B10: TS_38060 | C10: 7 | D10: SGD | E10: TRƯỜNG ĐẠI HỌC SÀI GÒN | F10: 7140205 | G10: Giáo dục chính trị
A11: 6 | B11: TS_29691 | C11: 4 | D11: SGD | E11: TRƯỜNG ĐẠI HỌC SÀI GÒN | F11: 7340120 | G11: Kinh doanh quốc tế
A12: 7 | B12: TS_19279 | C12: 4 | D12: SGD | E12: TRƯỜNG ĐẠI HỌC SÀI GÒN | F12: 7310401 | G12: Tâm lý học
A13: 8 | B13: TS_48572 | C13: 1 | D13: SGD | E13: TRƯỜNG ĐẠI HỌC SÀI GÒN | F13: 7140231 | G13: Sư phạm Tiếng Anh
A14: 9 | B14: TS_48572 | C14: 2 | D14: SGD | E14: TRƯỜNG ĐẠI HỌC SÀI GÒN | F14: 7140202 | G14: Giáo dục Tiểu học
A15: 10 | B15: TS_22588 | C15: 1 | D15: SGD | E15: TRƯỜNG ĐẠI HỌC SÀI GÒN | F15: 7140209 | G15: Sư phạm Toán học
A16: 11 | B16: TS_22588 | C16: 2 | D16: SGD | E16: TRƯỜNG ĐẠI HỌC SÀI GÒN | F16: 7140212 | G16: Sư phạm Hoá học
A17: 12 | B17: TS_41657 | C17: 5 | D17: SGD | E17: TRƯỜNG ĐẠI HỌC SÀI GÒN | F17: 7340201 | G17: Tài chính - Ngân hàng
... A36: 31 | B36: TS_40719 | C36: 7 | D36: SGD | E36: TRƯỜNG ĐẠI HỌC SÀI GÒN | F36: 7310630 | G36: Việt Nam học
